Workbook

Sheet 使い方
A1: アレルゲン一覧表（特定原材料等29品目）
A2: お店のメニューごとに、アレルギーの原因となる食品（消費者庁の資料による特定原材料等の29品目）が入っているかを一覧にして、お客様に見せるための表です。
A4: ■ 必ずお読みください
A5: 1. 飲食店のアレルギー表示は、法律上の義務ではありません。この表は、お店が自主的にお客様へ情報を提供するためのものです。
A6: 2. 表の内容（○・－・？）の最終確認は、お店（この表をお使いの方）が行ってください。制作者は、個々のメニューの原材料を確認していません。
A7: 3. 仕入れ先・原材料・レシピを変えたら、そのたびに表を更新し、「最終確認日」を書き換えてください。同じ名前の食品でも、メーカーによって原材料が違うことがあります。
A8: 4. 調理器具・揚げ油・まな板などの共用により、「－」の品目が混ざる可能性があります。お客様用の表にもその旨を書いています。具体的な共用（例：揚げ油を共用）は「備考」に書いてください。
A9: 5. 重いアレルギーのあるお客様には、表だけで判断せず、スタッフに相談していただくよう伝えてください。
A10: 6. 29品目以外の食品にアレルギーのある方もいます。表にない食品は、お客様ごとに確認してください。
A11: 7. 品目は2026年4月時点の消費者庁の資料に基づいています（特定原材料9品目＋特定原材料に準ずるもの20品目）。最新の品目は消費者庁のページで確認してください。
A12: 消費者庁「食物アレルギー表示に関する情報」 https://www.caa.go.jp/policies/policy/food_labeling/food_sanitation/allergy/index.html
A14: ■ シートの説明
... A50: ・見本の店名「〇〇食堂（見本）」と3品のメニューは架空のものです。見本の ○／－ は「見本の架空データ。実際のメニューには使えない」ものです。

Sheet 品目リスト
A1: 品目リスト（ここを直すと、入力・お客様用の見出しに反映されます）
A2: 品目は2026年4月時点の消費者庁の資料に基づく。最新の品目は消費者庁のページで確認してください。 https://www.caa.go.jp/policies/policy/food_labeling/food_sanitation/allergy/index.html
A3: 英語・中国語（簡体字）・韓国語の名前は参考訳です（ネイティブの確認はしていません）。区分：義務＝特定原材料（容器包装された加工食品で表示が義務の品目）、推奨＝特定原材料に準ずるもの（表示が推奨の品目）。
A4: No | B4: 区分 | C4: 日本語名 | D4: 英語名（参考訳） | E4: 中国語簡体字名（参考訳） | F4: 韓国語名（参考訳） | I4: 入力の選択肢 | J4: 意味（この3つは変えないでください）
A5: 1 | B5: 義務 | C5: えび | D5: Shrimp | E5: 虾 | F5: 새우 | I5: ○ | J5: 含む
A6: 2 | B6: 義務 | C6: かに | D6: Crab | E6: 蟹 | F6: 게 | I6: － | J6: 含まない
A7: 3 | B7: 義務 | C7: くるみ | D7: Walnut | E7: 核桃 | F7: 호두 | I7: ？ | J7: 未確認
A8: 4 | B8: 義務 | C8: 小麦 | D8: Wheat | E8: 小麦 | F8: 밀
A9: 5 | B9: 義務 | C9: そば | D9: Buckwheat | E9: 荞麦 | F9: 메밀
A10: 6 | B10: 義務 | C10: 卵 | D10: Egg | E10: 鸡蛋 | F10: 달걀
A11: 7 | B11: 義務 | C11: 乳 | D11: Milk | E11: 乳制品 | F11: 우유
A12: 8 | B12: 義務 | C12: 落花生（ピーナッツ） | D12: Peanut | E12: 花生 | F12: 땅콩
A13: 9 | B13: 義務 | C13: カシューナッツ | D13: Cashew nut | E13: 腰果 | F13: 캐슈너트
A14: 10 | B14: 推奨 | C14: アーモンド | D14: Almond | E14: 杏仁 | F14: 아몬드
A15: 11 | B15: 推奨 | C15: あわび | D15: Abalone | E15: 鲍鱼 | F15: 전복
A16: 12 | B16: 推奨 | C16: いか | D16: Squid | E16: 鱿鱼 | F16: 오징어
A17: 13 | B17: 推奨 | C17: いくら | D17: Salmon roe | E17: 鲑鱼子 | F17: 연어알
A18: 14 | B18: 推奨 | C18: オレンジ | D18: Orange | E18: 橙子 | F18: 오렌지
A19: 15 | B19: 推奨 | C19: キウイフルーツ | D19: Kiwi fruit | E19: 猕猴桃 | F19: 키위
... A33: 29 | B33: 推奨 | C33: りんご | D33: Apple | E33: 苹果 | F33: 사과

Sheet 入力
A1: 入力（お店の中で使うシート）
A2: 店名 | B2: 〇〇食堂（見本） | C2: ← 店名（お客様用の表題になります） | AF2: 未確認ありの行数 → | AI2: =COUNTIF(AI6:AI55,"未確認あり")
A3: 見本の3行は「見本の架空データ。実際のメニューには使えない」。内容を消して（行は削除しない）お使いください。入力は ○（含む）／－（含まない）／？（未確認）。 | AF3: 確認済み以外の行数 → | AI3: =COUNTIF(AI6:AI55,"未確認あり")+COUNTIF(AI6:AI55,"確認日なし")+COUNTIF(AI6:AI55,"確認者なし")+COUNTIF(AI6:AI55,"入力値エラー")+COUNTIF(AI6:AI55,"メニュー名なし")
A4: No | B4: メニュー名 | C4: ='品目リスト'!$B$5 | D4: ='品目リスト'!$B$6 | E4: ='品目リスト'!$B$7 | F4: ='品目リスト'!$B$8 | G4: ='品目リスト'!$B$9 | H4: ='品目リスト'!$B$10 | I4: ='品目リスト'!$B$11 | J4: ='品目リスト'!$B$12 | K4: ='品目リスト'!$B$13 | L4: ='品目リスト'!$B$14 | M4: ='品目リスト'!$B$15 | N4: ='品目リスト'!$B$16 | O4: ='品目リスト'!$B$17 | P4: ='品目リスト'!$B$18 | Q4: ='品目リスト'!$B$19 | R4: ='品目リスト'!$B$20 | S4: ='品目リスト'!$B$21 | T4: ='品目リスト'!$B$22 | U4: ='品目リスト'!$B$23 | V4: ='品目リスト'!$B$24 | W4: ='品目リスト'!$B$25 | X4: ='品目リスト'!$B$26 | Y4: ='品目リスト'!$B$27 | Z4: ='品目リスト'!$B$28 | AA4: ='品目リスト'!$B$29 | AB4: ='品目リスト'!$B$30 | AC4: ='品目リスト'!$B$31 | AD4: ='品目リスト'!$B$32 | AE4: ='品目リスト'!$B$33 | AF4: 最終確認日 | AG4: 確認者 | AH4: 備考（調理器具・揚げ油の共用など） | AI4: 状態［自動］ | AJ4: 含む品目の数［自動］ | AK4: 未確認の数［自動］
C5: ='品目リスト'!$C$5 | D5: ='品目リスト'!$C$6 | E5: ='品目リスト'!$C$7 | F5: ='品目リスト'!$C$8 | G5: ='品目リスト'!$C$9 | H5: ='品目リスト'!$C$10 | I5: ='品目リスト'!$C$11 | J5: ='品目リスト'!$C$12 | K5: ='品目リスト'!$C$13 | L5: ='品目リスト'!$C$14 | M5: ='品目リスト'!$C$15 | N5: ='品目リスト'!$C$16 | O5: ='品目リスト'!$C$17 | P5: ='品目リスト'!$C$18 | Q5: ='品目リスト'!$C$19 | R5: ='品目リスト'!$C$20 | S5: ='品目リスト'!$C$21 | T5: ='品目リスト'!$C$22 | U5: ='品目リスト'!$C$23 | V5: ='品目リスト'!$C$24 | W5: ='品目リスト'!$C$25 | X5: ='品目リスト'!$C$26 | Y5: ='品目リスト'!$C$27 | Z5: ='品目リスト'!$C$28 | AA5: ='品目リスト'!$C$29 | AB5: ='品目リスト'!$C$30 | AC5: ='品目リスト'!$C$31 | AD5: ='品目リスト'!$C$32 | AE5: ='品目リスト'!$C$33
A6: 1 | B6: 鶏の唐揚げ | C6: － | D6: － | E6: － | F6: ○ | G6: － | H6: ○ | I6: － | J6: － | K6: － | L6: － | M6: － | N6: － | O6: － | P6: － | Q6: － | R6: － | S6: － | T6: － | U6: － | V6: － | W6: ○ | X6: ○ | Y6: － | Z6: － | AA6: － | AB6: － | AC6: － | AD6: － | AE6: － | AF6: 46296 | AG6: 店長（見本） | AH6: 見本の架空データ。実際のメニューには使えない。揚げ油を共用 | AI6: =IF(AND($B6="",COUNTBLANK(C6:AE6)=29),"",IF($B6="","メニュー名なし",IF(COUNTIF(C6:AE6,"○")+COUNTIF(C6:AE6,"－")+COUNTIF(C6:AE6,"？")+COUNTBLANK(C6:AE6)<>29,"入力値エラー",IF(COUNTIF(C6:AE6,"？")+COUNTBLANK(C6:AE6)>0,"未確認あり",IF(ISBLANK(AF6),"確認日なし",IF(ISBLANK(AG6),"確認者なし","確認済み")))))) | AJ6: =IF(AND($B6="",COUNTBLANK(C6:AE6)=29),"",COUNTIF(C6:AE6,"○")) | AK6: =IF(AND($B6="",COUNTBLANK(C6:AE6)=29),"",COUNTIF(C6:AE6,"？")+COUNTBLANK(C6:AE6))
A7: 2 | B7: 野菜サラダ（ごまドレッシング） | C7: － | D7: － | E7: － | F7: － | G7: － | H7: ○ | I7: ？ | J7: － | K7: － | L7: － | M7: － | N7: － | O7: － | P7: － | Q7: － | R7: － | S7: ○ | T7: － | U7: － | V7: － | W7: ○ | X7: － | Y7: － | Z7: － | AA7: － | AB7: － | AC7: － | AD7: － | AE7: ○ | AF7: 46296 | AG7: 店長（見本） | AH7: 見本の架空データ。実際のメニューには使えない | AI7: =IF(AND($B7="",COUNTBLANK(C7:AE7)=29),"",IF($B7="","メニュー名なし",IF(COUNTIF(C7:AE7,"○")+COUNTIF(C7:AE7,"－")+COUNTIF(C7:AE7,"？")+COUNTBLANK(C7:AE7)<>29,"入力値エラー",IF(COUNTIF(C7:AE7,"？")+COUNTBLANK(C7:AE7)>0,"未確認あり",IF(ISBLANK(AF7),"確認日なし",IF(ISBLANK(AG7),"確認者なし","確認済み")))))) | AJ7: =IF(AND($B7="",COUNTBLANK(C7:AE7)=29),"",COUNTIF(C7:AE7,"○")) | AK7: =IF(AND($B7="",COUNTBLANK(C7:AE7)=29),"",COUNTIF(C7:AE7,"？")+COUNTBLANK(C7:AE7))
A8: 3 | B8: ざるそば | C8: － | D8: － | E8: － | F8: ○ | G8: ○ | H8: － | I8: － | J8: － | K8: － | L8: － | M8: － | N8: － | O8: － | P8: － | Q8: － | R8: － | S8: － | T8: － | U8: － | V8: － | W8: ○ | X8: － | Y8: － | Z8: － | AA8: － | AB8: － | AC8: － | AD8: － | AE8: － | AH8: 見本の架空データ。実際のメニューには使えない | AI8: =IF(AND($B8="",COUNTBLANK(C8:AE8)=29),"",IF($B8="","メニュー名なし",IF(COUNTIF(C8:AE8,"○")+COUNTIF(C8:AE8,"－")+COUNTIF(C8:AE8,"？")+COUNTBLANK(C8:AE8)<>29,"入力値エラー",IF(COUNTIF(C8:AE8,"？")+COUNTBLANK(C8:AE8)>0,"未確認あり",IF(ISBLANK(AF8),"確認日なし",IF(ISBLANK(AG8),"確認者なし","確認済み")))))) | AJ8: =IF(AND($B8="",COUNTBLANK(C8:AE8)=29),"",COUNTIF(C8:AE8,"○")) | AK8: =IF(AND($B8="",COUNTBLANK(C8:AE8)=29),"",COUNTIF(C8:AE8,"？")+COUNTBLANK(C8:AE8))
A9: 4 | AI9: =IF(AND($B9="",COUNTBLANK(C9:AE9)=29),"",IF($B9="","メニュー名なし",IF(COUNTIF(C9:AE9,"○")+COUNTIF(C9:AE9,"－")+COUNTIF(C9:AE9,"？")+COUNTBLANK(C9:AE9)<>29,"入力値エラー",IF(COUNTIF(C9:AE9,"？")+COUNTBLANK(C9:AE9)>0,"未確認あり",IF(ISBLANK(AF9),"確認日なし",IF(ISBLANK(AG9),"確認者なし","確認済み")))))) | AJ9: =IF(AND($B9="",COUNTBLANK(C9:AE9)=29),"",COUNTIF(C9:AE9,"○")) | AK9: =IF(AND($B9="",COUNTBLANK(C9:AE9)=29),"",COUNTIF(C9:AE9,"？")+COUNTBLANK(C9:AE9))
A10: 5 | AI10: =IF(AND($B10="",COUNTBLANK(C10:AE10)=29),"",IF($B10="","メニュー名なし",IF(COUNTIF(C10:AE10,"○")+COUNTIF(C10:AE10,"－")+COUNTIF(C10:AE10,"？")+COUNTBLANK(C10:AE10)<>29,"入力値エラー",IF(COUNTIF(C10:AE10,"？")+COUNTBLANK(C10:AE10)>0,"未確認あり",IF(ISBLANK(AF10),"確認日なし",IF(ISBLANK(AG10),"確認者なし","確認済み")))))) | AJ10: =IF(AND($B10="",COUNTBLANK(C10:AE10)=29),"",COUNTIF(C10:AE10,"○")) | AK10: =IF(AND($B10="",COUNTBLANK(C10:AE10)=29),"",COUNTIF(C10:AE10,"？")+COUNTBLANK(C10:AE10))
A11: 6 | AI11: =IF(AND($B11="",COUNTBLANK(C11:AE11)=29),"",IF($B11="","メニュー名なし",IF(COUNTIF(C11:AE11,"○")+COUNTIF(C11:AE11,"－")+COUNTIF(C11:AE11,"？")+COUNTBLANK(C11:AE11)<>29,"入力値エラー",IF(COUNTIF(C11:AE11,"？")+COUNTBLANK(C11:AE11)>0,"未確認あり",IF(ISBLANK(AF11),"確認日なし",IF(ISBLANK(AG11),"確認者なし","確認済み")))))) | AJ11: =IF(AND($B11="",COUNTBLANK(C11:AE11)=29),"",COUNTIF(C11:AE11,"○")) | AK11: =IF(AND($B11="",COUNTBLANK(C11:AE11)=29),"",COUNTIF(C11:AE11,"？")+COUNTBLANK(C11:AE11))
A12: 7 | AI12: =IF(AND($B12="",COUNTBLANK(C12:AE12)=29),"",IF($B12="","メニュー名なし",IF(COUNTIF(C12:AE12,"○")+COUNTIF(C12:AE12,"－")+COUNTIF(C12:AE12,"？")+COUNTBLANK(C12:AE12)<>29,"入力値エラー",IF(COUNTIF(C12:AE12,"？")+COUNTBLANK(C12:AE12)>0,"未確認あり",IF(ISBLANK(AF12),"確認日なし",IF(ISBLANK(AG12),"確認者なし","確認済み")))))) | AJ12: =IF(AND($B12="",COUNTBLANK(C12:AE12)=29),"",COUNTIF(C12:AE12,"○")) | AK12: =IF(AND($B12="",COUNTBLANK(C12:AE12)=29),"",COUNTIF(C12:AE12,"？")+COUNTBLANK(C12:AE12))
A13: 8 | AI13: =IF(AND($B13="",COUNTBLANK(C13:AE13)=29),"",IF($B13="","メニュー名なし",IF(COUNTIF(C13:AE13,"○")+COUNTIF(C13:AE13,"－")+COUNTIF(C13:AE13,"？")+COUNTBLANK(C13:AE13)<>29,"入力値エラー",IF(COUNTIF(C13:AE13,"？")+COUNTBLANK(C13:AE13)>0,"未確認あり",IF(ISBLANK(AF13),"確認日なし",IF(ISBLANK(AG13),"確認者なし","確認済み")))))) | AJ13: =IF(AND($B13="",COUNTBLANK(C13:AE13)=29),"",COUNTIF(C13:AE13,"○")) | AK13: =IF(AND($B13="",COUNTBLANK(C13:AE13)=29),"",COUNTIF(C13:AE13,"？")+COUNTBLANK(C13:AE13))
A14: 9 | AI14: =IF(AND($B14="",COUNTBLANK(C14:AE14)=29),"",IF($B14="","メニュー名なし",IF(COUNTIF(C14:AE14,"○")+COUNTIF(C14:AE14,"－")+COUNTIF(C14:AE14,"？")+COUNTBLANK(C14:AE14)<>29,"入力値エラー",IF(COUNTIF(C14:AE14,"？")+COUNTBLANK(C14:AE14)>0,"未確認あり",IF(ISBLANK(AF14),"確認日なし",IF(ISBLANK(AG14),"確認者なし","確認済み")))))) | AJ14: =IF(AND($B14="",COUNTBLANK(C14:AE14)=29),"",COUNTIF(C14:AE14,"○")) | AK14: =IF(AND($B14="",COUNTBLANK(C14:AE14)=29),"",COUNTIF(C14:AE14,"？")+COUNTBLANK(C14:AE14))
A15: 10 | AI15: =IF(AND($B15="",COUNTBLANK(C15:AE15)=29),"",IF($B15="","メニュー名なし",IF(COUNTIF(C15:AE15,"○")+COUNTIF(C15:AE15,"－")+COUNTIF(C15:AE15,"？")+COUNTBLANK(C15:AE15)<>29,"入力値エラー",IF(COUNTIF(C15:AE15,"？")+COUNTBLANK(C15:AE15)>0,"未確認あり",IF(ISBLANK(AF15),"確認日なし",IF(ISBLANK(AG15),"確認者なし","確認済み")))))) | AJ15: =IF(AND($B15="",COUNTBLANK(C15:AE15)=29),"",COUNTIF(C15:AE15,"○")) | AK15: =IF(AND($B15="",COUNTBLANK(C15:AE15)=29),"",COUNTIF(C15:AE15,"？")+COUNTBLANK(C15:AE15))
A16: 11 | AI16: =IF(AND($B16="",COUNTBLANK(C16:AE16)=29),"",IF($B16="","メニュー名なし",IF(COUNTIF(C16:AE16,"○")+COUNTIF(C16:AE16,"－")+COUNTIF(C16:AE16,"？")+COUNTBLANK(C16:AE16)<>29,"入力値エラー",IF(COUNTIF(C16:AE16,"？")+COUNTBLANK(C16:AE16)>0,"未確認あり",IF(ISBLANK(AF16),"確認日なし",IF(ISBLANK(AG16),"確認者なし","確認済み")))))) | AJ16: =IF(AND($B16="",COUNTBLANK(C16:AE16)=29),"",COUNTIF(C16:AE16,"○")) | AK16: =IF(AND($B16="",COUNTBLANK(C16:AE16)=29),"",COUNTIF(C16:AE16,"？")+COUNTBLANK(C16:AE16))
A17: 12 | AI17: =IF(AND($B17="",COUNTBLANK(C17:AE17)=29),"",IF($B17="","メニュー名なし",IF(COUNTIF(C17:AE17,"○")+COUNTIF(C17:AE17,"－")+COUNTIF(C17:AE17,"？")+COUNTBLANK(C17:AE17)<>29,"入力値エラー",IF(COUNTIF(C17:AE17,"？")+COUNTBLANK(C17:AE17)>0,"未確認あり",IF(ISBLANK(AF17),"確認日なし",IF(ISBLANK(AG17),"確認者なし","確認済み")))))) | AJ17: =IF(AND($B17="",COUNTBLANK(C17:AE17)=29),"",COUNTIF(C17:AE17,"○")) | AK17: =IF(AND($B17="",COUNTBLANK(C17:AE17)=29),"",COUNTIF(C17:AE17,"？")+COUNTBLANK(C17:AE17))
A18: 13 | AI18: =IF(AND($B18="",COUNTBLANK(C18:AE18)=29),"",IF($B18="","メニュー名なし",IF(COUNTIF(C18:AE18,"○")+COUNTIF(C18:AE18,"－")+COUNTIF(C18:AE18,"？")+COUNTBLANK(C18:AE18)<>29,"入力値エラー",IF(COUNTIF(C18:AE18,"？")+COUNTBLANK(C18:AE18)>0,"未確認あり",IF(ISBLANK(AF18),"確認日なし",IF(ISBLANK(AG18),"確認者なし","確認済み")))))) | AJ18: =IF(AND($B18="",COUNTBLANK(C18:AE18)=29),"",COUNTIF(C18:AE18,"○")) | AK18: =IF(AND($B18="",COUNTBLANK(C18:AE18)=29),"",COUNTIF(C18:AE18,"？")+COUNTBLANK(C18:AE18))
A19: 14 | AI19: =IF(AND($B19="",COUNTBLANK(C19:AE19)=29),"",IF($B19="","メニュー名なし",IF(COUNTIF(C19:AE19,"○")+COUNTIF(C19:AE19,"－")+COUNTIF(C19:AE19,"？")+COUNTBLANK(C19:AE19)<>29,"入力値エラー",IF(COUNTIF(C19:AE19,"？")+COUNTBLANK(C19:AE19)>0,"未確認あり",IF(ISBLANK(AF19),"確認日なし",IF(ISBLANK(AG19),"確認者なし","確認済み")))))) | AJ19: =IF(AND($B19="",COUNTBLANK(C19:AE19)=29),"",COUNTIF(C19:AE19,"○")) | AK19: =IF(AND($B19="",COUNTBLANK(C19:AE19)=29),"",COUNTIF(C19:AE19,"？")+COUNTBLANK(C19:AE19))
A20: 15 | AI20: =IF(AND($B20="",COUNTBLANK(C20:AE20)=29),"",IF($B20="","メニュー名なし",IF(COUNTIF(C20:AE20,"○")+COUNTIF(C20:AE20,"－")+COUNTIF(C20:AE20,"？")+COUNTBLANK(C20:AE20)<>29,"入力値エラー",IF(COUNTIF(C20:AE20,"？")+COUNTBLANK(C20:AE20)>0,"未確認あり",IF(ISBLANK(AF20),"確認日なし",IF(ISBLANK(AG20),"確認者なし","確認済み")))))) | AJ20: =IF(AND($B20="",COUNTBLANK(C20:AE20)=29),"",COUNTIF(C20:AE20,"○")) | AK20: =IF(AND($B20="",COUNTBLANK(C20:AE20)=29),"",COUNTIF(C20:AE20,"？")+COUNTBLANK(C20:AE20))
... A55: 50 | AI55: =IF(AND($B55="",COUNTBLANK(C55:AE55)=29),"",IF($B55="","メニュー名なし",IF(COUNTIF(C55:AE55,"○")+COUNTIF(C55:AE55,"－")+COUNTIF(C55:AE55,"？")+COUNTBLANK(C55:AE55)<>29,"入力値エラー",IF(COUNTIF(C55:AE55,"？")+COUNTBLANK(C55:AE55)>0,"未確認あり",IF(ISBLANK(AF55),"確認日なし",IF(ISBLANK(AG55),"確認者なし","確認済み")))))) | AJ55: =IF(AND($B55="",COUNTBLANK(C55:AE55)=29),"",COUNTIF(C55:AE55,"○")) | AK55: =IF(AND($B55="",COUNTBLANK(C55:AE55)=29),"",COUNTIF(C55:AE55,"？")+COUNTBLANK(C55:AE55))

Sheet お客様用
A1: =IF(ISBLANK('入力'!$B$2),"アレルゲン一覧表",'入力'!$B$2&" アレルゲン一覧表")
A2: ○＝含む －＝含まない ？＝未確認（スタッフにおたずねください） 区分 義務＝特定原材料（9品目） 推奨＝特定原材料に準ずるもの（20品目）
A3: この表は、当店がお客様に自主的にお知らせするものです（飲食店のアレルギー表示は法律上の義務ではありません）。内容は当店が原材料を確認して作成していますが、仕入れ先や原材料の変更により変わることがあります。確認した日は「確認日」欄をご覧ください。調理器具・揚げ油などを共用しているため、「－」の品目が混ざる可能性があります。重いアレルギーのあるお客様は、ご注文の前に必ずスタッフにご相談ください。対象は消費者庁の資料による特定原材料等29品目（2026年4月時点）です。
A4: 区分 | B4: ='品目リスト'!$B$5 | C4: ='品目リスト'!$B$6 | D4: ='品目リスト'!$B$7 | E4: ='品目リスト'!$B$8 | F4: ='品目リスト'!$B$9 | G4: ='品目リスト'!$B$10 | H4: ='品目リスト'!$B$11 | I4: ='品目リスト'!$B$12 | J4: ='品目リスト'!$B$13 | K4: ='品目リスト'!$B$14 | L4: ='品目リスト'!$B$15 | M4: ='品目リスト'!$B$16 | N4: ='品目リスト'!$B$17 | O4: ='品目リスト'!$B$18 | P4: ='品目リスト'!$B$19 | Q4: ='品目リスト'!$B$20 | R4: ='品目リスト'!$B$21 | S4: ='品目リスト'!$B$22 | T4: ='品目リスト'!$B$23 | U4: ='品目リスト'!$B$24 | V4: ='品目リスト'!$B$25 | W4: ='品目リスト'!$B$26 | X4: ='品目リスト'!$B$27 | Y4: ='品目リスト'!$B$28 | Z4: ='品目リスト'!$B$29 | AA4: ='品目リスト'!$B$30 | AB4: ='品目リスト'!$B$31 | AC4: ='品目リスト'!$B$32 | AD4: ='品目リスト'!$B$33 | AE4: 確認日 | AF4: 備考
A5: メニュー | B5: ='品目リスト'!$C$5 | C5: ='品目リスト'!$C$6 | D5: ='品目リスト'!$C$7 | E5: ='品目リスト'!$C$8 | F5: ='品目リスト'!$C$9 | G5: ='品目リスト'!$C$10 | H5: ='品目リスト'!$C$11 | I5: ='品目リスト'!$C$12 | J5: ='品目リスト'!$C$13 | K5: ='品目リスト'!$C$14 | L5: ='品目リスト'!$C$15 | M5: ='品目リスト'!$C$16 | N5: ='品目リスト'!$C$17 | O5: ='品目リスト'!$C$18 | P5: ='品目リスト'!$C$19 | Q5: ='品目リスト'!$C$20 | R5: ='品目リスト'!$C$21 | S5: ='品目リスト'!$C$22 | T5: ='品目リスト'!$C$23 | U5: ='品目リスト'!$C$24 | V5: ='品目リスト'!$C$25 | W5: ='品目リスト'!$C$26 | X5: ='品目リスト'!$C$27 | Y5: ='品目リスト'!$C$28 | Z5: ='品目リスト'!$C$29 | AA5: ='品目リスト'!$C$30 | AB5: ='品目リスト'!$C$31 | AC5: ='品目リスト'!$C$32 | AD5: ='品目リスト'!$C$33
A6: =IF(ISBLANK('入力'!$B6),"",'入力'!$B6) | B6: =IF($A6="","",IF('入力'!C6="○","○",IF('入力'!C6="－","－","？"))) | C6: =IF($A6="","",IF('入力'!D6="○","○",IF('入力'!D6="－","－","？"))) | D6: =IF($A6="","",IF('入力'!E6="○","○",IF('入力'!E6="－","－","？"))) | E6: =IF($A6="","",IF('入力'!F6="○","○",IF('入力'!F6="－","－","？"))) | F6: =IF($A6="","",IF('入力'!G6="○","○",IF('入力'!G6="－","－","？"))) | G6: =IF($A6="","",IF('入力'!H6="○","○",IF('入力'!H6="－","－","？"))) | H6: =IF($A6="","",IF('入力'!I6="○","○",IF('入力'!I6="－","－","？"))) | I6: =IF($A6="","",IF('入力'!J6="○","○",IF('入力'!J6="－","－","？"))) | ... AD6: =IF($A6="","",IF('入力'!AE6="○","○",IF('入力'!AE6="－","－","？"))) | AE6: =IF(OR($A6="",ISBLANK('入力'!AF6)),"",'入力'!AF6) | AF6: =IF($A6="","",IF(OR('入力'!AI6="未確認あり",'入力'!AI6="入力値エラー"),"※未確認あり。","")&'入力'!AH6)
A7: =IF(ISBLANK('入力'!$B7),"",'入力'!$B7) | B7: =IF($A7="","",IF('入力'!C7="○","○",IF('入力'!C7="－","－","？"))) | C7: =IF($A7="","",IF('入力'!D7="○","○",IF('入力'!D7="－","－","？"))) | D7: =IF($A7="","",IF('入力'!E7="○","○",IF('入力'!E7="－","－","？"))) | E7: =IF($A7="","",IF('入力'!F7="○","○",IF('入力'!F7="－","－","？"))) | F7: =IF($A7="","",IF('入力'!G7="○","○",IF('入力'!G7="－","－","？"))) | G7: =IF($A7="","",IF('入力'!H7="○","○",IF('入力'!H7="－","－","？"))) | H7: =IF($A7="","",IF('入力'!I7="○","○",IF('入力'!I7="－","－","？"))) | I7: =IF($A7="","",IF('入力'!J7="○","○",IF('入力'!J7="－","－","？"))) | ... AD7: =IF($A7="","",IF('入力'!AE7="○","○",IF('入力'!AE7="－","－","？"))) | AE7: =IF(OR($A7="",ISBLANK('入力'!AF7)),"",'入力'!AF7) | AF7: =IF($A7="","",IF(OR('入力'!AI7="未確認あり",'入力'!AI7="入力値エラー"),"※未確認あり。","")&'入力'!AH7)
A8: =IF(ISBLANK('入力'!$B8),"",'入力'!$B8) | B8: =IF($A8="","",IF('入力'!C8="○","○",IF('入力'!C8="－","－","？"))) | C8: =IF($A8="","",IF('入力'!D8="○","○",IF('入力'!D8="－","－","？"))) | D8: =IF($A8="","",IF('入力'!E8="○","○",IF('入力'!E8="－","－","？"))) | E8: =IF($A8="","",IF('入力'!F8="○","○",IF('入力'!F8="－","－","？"))) | F8: =IF($A8="","",IF('入力'!G8="○","○",IF('入力'!G8="－","－","？"))) | G8: =IF($A8="","",IF('入力'!H8="○","○",IF('入力'!H8="－","－","？"))) | H8: =IF($A8="","",IF('入力'!I8="○","○",IF('入力'!I8="－","－","？"))) | I8: =IF($A8="","",IF('入力'!J8="○","○",IF('入力'!J8="－","－","？"))) | ... AD8: =IF($A8="","",IF('入力'!AE8="○","○",IF('入力'!AE8="－","－","？"))) | AE8: =IF(OR($A8="",ISBLANK('入力'!AF8)),"",'入力'!AF8) | AF8: =IF($A8="","",IF(OR('入力'!AI8="未確認あり",'入力'!AI8="入力値エラー"),"※未確認あり。","")&'入力'!AH8)
A9: =IF(ISBLANK('入力'!$B9),"",'入力'!$B9) | B9: =IF($A9="","",IF('入力'!C9="○","○",IF('入力'!C9="－","－","？"))) | C9: =IF($A9="","",IF('入力'!D9="○","○",IF('入力'!D9="－","－","？"))) | D9: =IF($A9="","",IF('入力'!E9="○","○",IF('入力'!E9="－","－","？"))) | E9: =IF($A9="","",IF('入力'!F9="○","○",IF('入力'!F9="－","－","？"))) | F9: =IF($A9="","",IF('入力'!G9="○","○",IF('入力'!G9="－","－","？"))) | G9: =IF($A9="","",IF('入力'!H9="○","○",IF('入力'!H9="－","－","？"))) | H9: =IF($A9="","",IF('入力'!I9="○","○",IF('入力'!I9="－","－","？"))) | I9: =IF($A9="","",IF('入力'!J9="○","○",IF('入力'!J9="－","－","？"))) | ... AD9: =IF($A9="","",IF('入力'!AE9="○","○",IF('入力'!AE9="－","－","？"))) | AE9: =IF(OR($A9="",ISBLANK('入力'!AF9)),"",'入力'!AF9) | AF9: =IF($A9="","",IF(OR('入力'!AI9="未確認あり",'入力'!AI9="入力値エラー"),"※未確認あり。","")&'入力'!AH9)
A10: =IF(ISBLANK('入力'!$B10),"",'入力'!$B10) | B10: =IF($A10="","",IF('入力'!C10="○","○",IF('入力'!C10="－","－","？"))) | C10: =IF($A10="","",IF('入力'!D10="○","○",IF('入力'!D10="－","－","？"))) | D10: =IF($A10="","",IF('入力'!E10="○","○",IF('入力'!E10="－","－","？"))) | E10: =IF($A10="","",IF('入力'!F10="○","○",IF('入力'!F10="－","－","？"))) | F10: =IF($A10="","",IF('入力'!G10="○","○",IF('入力'!G10="－","－","？"))) | G10: =IF($A10="","",IF('入力'!H10="○","○",IF('入力'!H10="－","－","？"))) | H10: =IF($A10="","",IF('入力'!I10="○","○",IF('入力'!I10="－","－","？"))) | I10: =IF($A10="","",IF('入力'!J10="○","○",IF('入力'!J10="－","－","？"))) | ... AD10: =IF($A10="","",IF('入力'!AE10="○","○",IF('入力'!AE10="－","－","？"))) | AE10: =IF(OR($A10="",ISBLANK('入力'!AF10)),"",'入力'!AF10) | AF10: =IF($A10="","",IF(OR('入力'!AI10="未確認あり",'入力'!AI10="入力値エラー"),"※未確認あり。","")&'入力'!AH10)
A11: =IF(ISBLANK('入力'!$B11),"",'入力'!$B11) | B11: =IF($A11="","",IF('入力'!C11="○","○",IF('入力'!C11="－","－","？"))) | C11: =IF($A11="","",IF('入力'!D11="○","○",IF('入力'!D11="－","－","？"))) | D11: =IF($A11="","",IF('入力'!E11="○","○",IF('入力'!E11="－","－","？"))) | E11: =IF($A11="","",IF('入力'!F11="○","○",IF('入力'!F11="－","－","？"))) | F11: =IF($A11="","",IF('入力'!G11="○","○",IF('入力'!G11="－","－","？"))) | G11: =IF($A11="","",IF('入力'!H11="○","○",IF('入力'!H11="－","－","？"))) | H11: =IF($A11="","",IF('入力'!I11="○","○",IF('入力'!I11="－","－","？"))) | I11: =IF($A11="","",IF('入力'!J11="○","○",IF('入力'!J11="－","－","？"))) | ... AD11: =IF($A11="","",IF('入力'!AE11="○","○",IF('入力'!AE11="－","－","？"))) | AE11: =IF(OR($A11="",ISBLANK('入力'!AF11)),"",'入力'!AF11) | AF11: =IF($A11="","",IF(OR('入力'!AI11="未確認あり",'入力'!AI11="入力値エラー"),"※未確認あり。","")&'入力'!AH11)
A12: =IF(ISBLANK('入力'!$B12),"",'入力'!$B12) | B12: =IF($A12="","",IF('入力'!C12="○","○",IF('入力'!C12="－","－","？"))) | C12: =IF($A12="","",IF('入力'!D12="○","○",IF('入力'!D12="－","－","？"))) | D12: =IF($A12="","",IF('入力'!E12="○","○",IF('入力'!E12="－","－","？"))) | E12: =IF($A12="","",IF('入力'!F12="○","○",IF('入力'!F12="－","－","？"))) | F12: =IF($A12="","",IF('入力'!G12="○","○",IF('入力'!G12="－","－","？"))) | G12: =IF($A12="","",IF('入力'!H12="○","○",IF('入力'!H12="－","－","？"))) | H12: =IF($A12="","",IF('入力'!I12="○","○",IF('入力'!I12="－","－","？"))) | I12: =IF($A12="","",IF('入力'!J12="○","○",IF('入力'!J12="－","－","？"))) | ... AD12: =IF($A12="","",IF('入力'!AE12="○","○",IF('入力'!AE12="－","－","？"))) | AE12: =IF(OR($A12="",ISBLANK('入力'!AF12)),"",'入力'!AF12) | AF12: =IF($A12="","",IF(OR('入力'!AI12="未確認あり",'入力'!AI12="入力値エラー"),"※未確認あり。","")&'入力'!AH12)
A13: =IF(ISBLANK('入力'!$B13),"",'入力'!$B13) | B13: =IF($A13="","",IF('入力'!C13="○","○",IF('入力'!C13="－","－","？"))) | C13: =IF($A13="","",IF('入力'!D13="○","○",IF('入力'!D13="－","－","？"))) | D13: =IF($A13="","",IF('入力'!E13="○","○",IF('入力'!E13="－","－","？"))) | E13: =IF($A13="","",IF('入力'!F13="○","○",IF('入力'!F13="－","－","？"))) | F13: =IF($A13="","",IF('入力'!G13="○","○",IF('入力'!G13="－","－","？"))) | G13: =IF($A13="","",IF('入力'!H13="○","○",IF('入力'!H13="－","－","？"))) | H13: =IF($A13="","",IF('入力'!I13="○","○",IF('入力'!I13="－","－","？"))) | I13: =IF($A13="","",IF('入力'!J13="○","○",IF('入力'!J13="－","－","？"))) | ... AD13: =IF($A13="","",IF('入力'!AE13="○","○",IF('入力'!AE13="－","－","？"))) | AE13: =IF(OR($A13="",ISBLANK('入力'!AF13)),"",'入力'!AF13) | AF13: =IF($A13="","",IF(OR('入力'!AI13="未確認あり",'入力'!AI13="入力値エラー"),"※未確認あり。","")&'入力'!AH13)
A14: =IF(ISBLANK('入力'!$B14),"",'入力'!$B14) | B14: =IF($A14="","",IF('入力'!C14="○","○",IF('入力'!C14="－","－","？"))) | C14: =IF($A14="","",IF('入力'!D14="○","○",IF('入力'!D14="－","－","？"))) | D14: =IF($A14="","",IF('入力'!E14="○","○",IF('入力'!E14="－","－","？"))) | E14: =IF($A14="","",IF('入力'!F14="○","○",IF('入力'!F14="－","－","？"))) | F14: =IF($A14="","",IF('入力'!G14="○","○",IF('入力'!G14="－","－","？"))) | G14: =IF($A14="","",IF('入力'!H14="○","○",IF('入力'!H14="－","－","？"))) | H14: =IF($A14="","",IF('入力'!I14="○","○",IF('入力'!I14="－","－","？"))) | I14: =IF($A14="","",IF('入力'!J14="○","○",IF('入力'!J14="－","－","？"))) | ... AD14: =IF($A14="","",IF('入力'!AE14="○","○",IF('入力'!AE14="－","－","？"))) | AE14: =IF(OR($A14="",ISBLANK('入力'!AF14)),"",'入力'!AF14) | AF14: =IF($A14="","",IF(OR('入力'!AI14="未確認あり",'入力'!AI14="入力値エラー"),"※未確認あり。","")&'入力'!AH14)
A15: =IF(ISBLANK('入力'!$B15),"",'入力'!$B15) | B15: =IF($A15="","",IF('入力'!C15="○","○",IF('入力'!C15="－","－","？"))) | C15: =IF($A15="","",IF('入力'!D15="○","○",IF('入力'!D15="－","－","？"))) | D15: =IF($A15="","",IF('入力'!E15="○","○",IF('入力'!E15="－","－","？"))) | E15: =IF($A15="","",IF('入力'!F15="○","○",IF('入力'!F15="－","－","？"))) | F15: =IF($A15="","",IF('入力'!G15="○","○",IF('入力'!G15="－","－","？"))) | G15: =IF($A15="","",IF('入力'!H15="○","○",IF('入力'!H15="－","－","？"))) | H15: =IF($A15="","",IF('入力'!I15="○","○",IF('入力'!I15="－","－","？"))) | I15: =IF($A15="","",IF('入力'!J15="○","○",IF('入力'!J15="－","－","？"))) | ... AD15: =IF($A15="","",IF('入力'!AE15="○","○",IF('入力'!AE15="－","－","？"))) | AE15: =IF(OR($A15="",ISBLANK('入力'!AF15)),"",'入力'!AF15) | AF15: =IF($A15="","",IF(OR('入力'!AI15="未確認あり",'入力'!AI15="入力値エラー"),"※未確認あり。","")&'入力'!AH15)
A16: =IF(ISBLANK('入力'!$B16),"",'入力'!$B16) | B16: =IF($A16="","",IF('入力'!C16="○","○",IF('入力'!C16="－","－","？"))) | C16: =IF($A16="","",IF('入力'!D16="○","○",IF('入力'!D16="－","－","？"))) | D16: =IF($A16="","",IF('入力'!E16="○","○",IF('入力'!E16="－","－","？"))) | E16: =IF($A16="","",IF('入力'!F16="○","○",IF('入力'!F16="－","－","？"))) | F16: =IF($A16="","",IF('入力'!G16="○","○",IF('入力'!G16="－","－","？"))) | G16: =IF($A16="","",IF('入力'!H16="○","○",IF('入力'!H16="－","－","？"))) | H16: =IF($A16="","",IF('入力'!I16="○","○",IF('入力'!I16="－","－","？"))) | I16: =IF($A16="","",IF('入力'!J16="○","○",IF('入力'!J16="－","－","？"))) | ... AD16: =IF($A16="","",IF('入力'!AE16="○","○",IF('入力'!AE16="－","－","？"))) | AE16: =IF(OR($A16="",ISBLANK('入力'!AF16)),"",'入力'!AF16) | AF16: =IF($A16="","",IF(OR('入力'!AI16="未確認あり",'入力'!AI16="入力値エラー"),"※未確認あり。","")&'入力'!AH16)
A17: =IF(ISBLANK('入力'!$B17),"",'入力'!$B17) | B17: =IF($A17="","",IF('入力'!C17="○","○",IF('入力'!C17="－","－","？"))) | C17: =IF($A17="","",IF('入力'!D17="○","○",IF('入力'!D17="－","－","？"))) | D17: =IF($A17="","",IF('入力'!E17="○","○",IF('入力'!E17="－","－","？"))) | E17: =IF($A17="","",IF('入力'!F17="○","○",IF('入力'!F17="－","－","？"))) | F17: =IF($A17="","",IF('入力'!G17="○","○",IF('入力'!G17="－","－","？"))) | G17: =IF($A17="","",IF('入力'!H17="○","○",IF('入力'!H17="－","－","？"))) | H17: =IF($A17="","",IF('入力'!I17="○","○",IF('入力'!I17="－","－","？"))) | I17: =IF($A17="","",IF('入力'!J17="○","○",IF('入力'!J17="－","－","？"))) | ... AD17: =IF($A17="","",IF('入力'!AE17="○","○",IF('入力'!AE17="－","－","？"))) | AE17: =IF(OR($A17="",ISBLANK('入力'!AF17)),"",'入力'!AF17) | AF17: =IF($A17="","",IF(OR('入力'!AI17="未確認あり",'入力'!AI17="入力値エラー"),"※未確認あり。","")&'入力'!AH17)
... A55: =IF(ISBLANK('入力'!$B55),"",'入力'!$B55) | B55: =IF($A55="","",IF('入力'!C55="○","○",IF('入力'!C55="－","－","？"))) | C55: =IF($A55="","",IF('入力'!D55="○","○",IF('入力'!D55="－","－","？"))) | D55: =IF($A55="","",IF('入力'!E55="○","○",IF('入力'!E55="－","－","？"))) | E55: =IF($A55="","",IF('入力'!F55="○","○",IF('入力'!F55="－","－","？"))) | F55: =IF($A55="","",IF('入力'!G55="○","○",IF('入力'!G55="－","－","？"))) | G55: =IF($A55="","",IF('入力'!H55="○","○",IF('入力'!H55="－","－","？"))) | H55: =IF($A55="","",IF('入力'!I55="○","○",IF('入力'!I55="－","－","？"))) | I55: =IF($A55="","",IF('入力'!J55="○","○",IF('入力'!J55="－","－","？"))) | ... AD55: =IF($A55="","",IF('入力'!AE55="○","○",IF('入力'!AE55="－","－","？"))) | AE55: =IF(OR($A55="",ISBLANK('入力'!AF55)),"",'入力'!AF55) | AF55: =IF($A55="","",IF(OR('入力'!AI55="未確認あり",'入力'!AI55="入力値エラー"),"※未確認あり。","")&'入力'!AH55)
